url,city,order_option,id
https://www.foody.vn/thai-binh/gogi-house-nuong-han-quoc-vincom-ly-bon,Thái Bình,Ở đâu,c08f81f6-2e06-4b51-802b-7a8a4bc955a1
https://www.foody.vn/thai-binh/quan-binh-ga-bun-pho-bia-hoi,Thái Bình,Ở đâu,5a104bd3-a92a-4715-998e-2b43047b817c
https://www.foody.vn/thai-binh/kem-xoi-thailand-hai-ba-trung,Thái Bình,Ở đâu,cd6dfce6-88a3-48a5-8255-709a1050b790
https://www.foody.vn/thai-binh/vit-ngon-nguyen-tong-quai,Thái Bình,Ở đâu,e9cace1e-d00c-48fd-aa68-83ee06510345
https://www.foody.vn/thai-binh/highlands-coffee-victory-plaza,Thái Bình,Ở đâu,3fa9fc8d-edad-4807-b5ae-003e0d4fc564
https://www.foody.vn/thai-binh/mr-good-tea,Thái Bình,Ở đâu,c3d5f05e-ce24-4eba-9518-5e8410670744
https://www.foody.vn/thai-binh/hutong-hot-pot-paradise-vincom-thai-binh,Thái Bình,Ở đâu,14d9ebfa-ba48-422e-8082-11f4a19fd12c
https://www.foody.vn/thai-binh/five-star-vietnam-phan-ba-vanh,Thái Bình,Ở đâu,a526d2ad-b48b-4922-93d3-3ef2a544e5ad
https://www.foody.vn/thai-binh/wing-tea-coffee,Thái Bình,Ở đâu,60257021-e260-489a-b0b0-12fa77e0dcbb
https://www.foody.vn/thai-binh/miu-steak,Thái Bình,Ở đâu,29ca5663-5269-4331-8f8f-23b4ebb51a8d
https://www.foody.vn/thai-binh/nha-hang-30-6,Thái Bình,Ở đâu,6fee1468-f8fb-41e1-9a9b-ce30a4068506
https://www.foody.vn/thai-binh/duong-qua-quan,Thái Bình,Ở đâu,a232649a-9992-40cb-8851-6456a89bcc3e
https://www.foody.vn/thai-binh/huong-que-lau-cac-loai,Thái Bình,Ở đâu,f7799898-9094-41f4-b106-d9f3efaacb52
https://www.foody.vn/thai-binh/sunny-bbq,Thái Bình,Ở đâu,dc627737-1ba0-4d7e-9dfd-511863c1d7e1
https://www.foody.vn/thai-binh/ba-ba-com-viet-nam-hai-san-tuoi-song,Thái Bình,Ở đâu,723340b3-efff-4dca-89bc-a768f5f32515
https://www.foody.vn/thai-binh/duc-thanh-banh-xeo-bun-thit-nuong,Thái Bình,Ở đâu,8f74db52-b239-42a1-ac27-4d0826afeca1
https://www.foody.vn/thai-binh/dream-book-cafe,Thái Bình,Ở đâu,81d84afb-8984-45e2-a1f5-fcc240349a06
https://www.foody.vn/thai-binh/nha-hang-thuy-dinh-mon-an-gia-dinh,Thái Bình,Ở đâu,207243af-5004-4c6d-a3b5-5b8e758b0a0e
https://www.foody.vn/thai-binh/com-tam-ga-rang,Thái Bình,Ở đâu,e49bf77a-a951-409b-835d-3d0c563c90c2
https://www.foody.vn/thai-binh/the-tra-buble-tea-room,Thái Bình,Ở đâu,c03d8a5b-aa6a-4b0a-8188-c04a7fa20a9e
https://www.foody.vn/thai-binh/com-suon-47-dao-duy-tu,Thái Bình,Ở đâu,feec5fe6-13d0-4433-aa23-98358df2c59c
https://www.foody.vn/thai-binh/bun-dau-co-khan,Thái Bình,Ở đâu,4db65bef-84ef-412c-b2da-6940d70ccbf5
https://www.foody.vn/thai-binh/banh-mi-hue-ly-thuong-kiet,Thái Bình,Ở đâu,1abaf07a-a83c-4bb2-8225-a939487c25a1
https://www.foody.vn/thai-binh/sunshine-cafe,Thái Bình,Ở đâu,53eefde3-3fbe-483e-b984-535c367a59da
https://www.foody.vn/thai-binh/clover-coffee-fastfood,Thái Bình,Ở đâu,ec00cb2b-c150-41a2-ae14-1e4293e84bb7
https://www.foody.vn/thai-binh/times-square-coffee-le-loi,Thái Bình,Ở đâu,9a0943a9-7a3d-43da-9579-a43e0b743ef2
https://www.foody.vn/thai-binh/ca-phe-mo,Thái Bình,Ở đâu,10902071-3747-4ace-896f-37ae7564cbee
https://www.foody.vn/thai-binh/che-ba-ba-le-dai-hanh,Thái Bình,Ở đâu,c25efd33-29e4-4708-b9fb-dd4880b63330
https://www.foody.vn/thai-binh/the-fat-cat-tea,Thái Bình,Ở đâu,61021191-3a29-4e6d-9f1f-fdf9053d92cc
https://www.foody.vn/thai-binh/pho-sach-lino-coffee,Thái Bình,Ở đâu,9326b2df-0af7-42f3-a7f6-67c20c6006c7
https://www.foody.vn/thai-binh/canh-ca-phuc-tuu,Thái Bình,Ở đâu,3a614e5e-4b3a-4f03-863e-acca79d57b82
https://www.foody.vn/thai-binh/tra-sua-tocotoco-vincom-thai-binh,Thái Bình,Ở đâu,e5a982ad-a4ce-40cb-8eb4-8f9efb67ed1a
https://www.foody.vn/thai-binh/jollibee-ly-bon,Thái Bình,Ở đâu,56449634-ddd5-4050-a684-92d02e99d1c3
https://www.foody.vn/thai-binh/oc-ngon,Thái Bình,Ở đâu,2da9a33b-a0ff-4ae2-a5d4-07015060ca51
https://www.foody.vn/thai-binh/pizza-129,Thái Bình,Ở đâu,3129e401-5d48-4dfd-89f7-49633f1ffbe9
https://www.foody.vn/thai-binh/vit-cay-si,Thái Bình,Ở đâu,ab53cc94-92ce-4412-a511-efa4be2eec51
https://www.foody.vn/thai-binh/jollibee-vincom-thai-binh,Thái Bình,Ở đâu,bbe07e1a-baec-425e-a18e-12fd4378b744
https://www.foody.vn/thai-binh/tuan-co-quan-2,Thái Bình,Ở đâu,80ff504c-3e5a-49ef-bf01-bd8cdefb0a37
https://www.foody.vn/thai-binh/duc-hai,Thái Bình,Ở đâu,0e66de4d-9f6f-433f-afaa-c81dcd4a1523
https://www.foody.vn/thai-binh/canh-ca-bun,Thái Bình,Ở đâu,ef0f8d40-60f6-49a6-9c27-6506ad8ec2f2
https://www.foody.vn/thai-binh/thai-lac-kem-xoi,Thái Bình,Ở đâu,d8c12fb5-ab26-4935-8a84-0e171891c76b
https://www.foody.vn/thai-binh/phan-coffee-restaurant-lavender,Thái Bình,Ở đâu,ff63845d-92e9-43e3-b166-9a18c68dd899
https://www.foody.vn/thai-binh/morning-coffee,Thái Bình,Ở đâu,26f6cbfb-3ba9-4e5b-b7a8-a3c235c9e86f
https://www.foody.vn/thai-binh/a-n-coffee,Thái Bình,Ở đâu,391ec894-d288-422d-966d-3e8961567059
https://www.foody.vn/thai-binh/icha-milk-tea-fastfood,Thái Bình,Ở đâu,7a4e6090-b030-41e6-81fc-7fa85ec60a0e
https://www.foody.vn/thai-binh/bun-ca-ba-gia-tran-hung-dao,Thái Bình,Ở đâu,8f1fa173-321d-4ad1-bb0b-502b1f6c3948
https://www.foody.vn/thai-binh/minh-huong-kem-bon-mua,Thái Bình,Ở đâu,0feade1b-dae2-4715-bb65-f08004fad8d1
https://www.foody.vn/thai-binh/hi-korea-thai-binh-mon-han-cho-nguoi-viet,Thái Bình,Ở đâu,9abf235f-2a02-4338-8d02-87edb93af214
https://www.foody.vn/thai-binh/che-tam-thao-ngo-thi-nham,Thái Bình,Ở đâu,e9cd3df7-b0c4-4374-940c-58d28f34059f
https://www.foody.vn/thai-binh/beer-17-chuyen-mon-om-lau,Thái Bình,Ở đâu,01acfd31-9545-46ad-aa7c-e3a483cdfbef
https://www.foody.vn/thai-binh/huong-cau-am-thuc-viet,Thái Bình,Ở đâu,9f551080-cf44-42ea-bea3-bbee3d2ad374
https://www.foody.vn/thai-binh/pho-chat-ha-noi,Thái Bình,Ở đâu,4e69e98a-dc8c-4c5d-9e27-1511261fa514
https://www.foody.vn/thai-binh/koh-sayam-mon-thai,Thái Bình,Ở đâu,fc1ca7bd-8f6b-47c1-bcf3-9ba2319e022d
https://www.foody.vn/thai-binh/1985-cafe,Thái Bình,Ở đâu,50082a1f-7459-4d00-8953-b09e3d5774f6
https://www.foody.vn/thai-binh/quang-tho-am-thuc-dan-toc,Thái Bình,Ở đâu,6778c6fe-5f36-4f95-9961-53f37d6a9c0f
https://www.foody.vn/thai-binh/banh-cuon-nong-ba-ky,Thái Bình,Ở đâu,9564cbed-4057-4588-ae1a-3daa44d070e8
https://www.foody.vn/thai-binh/royaltea-flagship-store-tra-sua-dai-loan,Thái Bình,Ở đâu,e323e241-9494-4844-bfc3-cfddc01dff08
https://www.foody.vn/thai-binh/bun-bung-ngo-thi-nham,Thái Bình,Ở đâu,1723022a-d9df-489a-9d6b-4c8e9352af64
https://www.foody.vn/thai-binh/hana-han-quoc,Thái Bình,Ở đâu,1a7ac6e5-b600-4119-a722-c9ddf5daed19
https://www.foody.vn/thai-binh/mercury-food-pizza-chicken,Thái Bình,Ở đâu,3aba2265-070f-4827-8f68-de3a476bcb28
https://www.foody.vn/thai-binh/son-trang-com-rang-thap-cam-ga-chien-xoi-xiu,Thái Bình,Ở đâu,475177c2-91c7-407b-b3d5-e93afa1d922c
https://www.foody.vn/thai-binh/master-tea-nguyen-duc-canh,Thái Bình,Ở đâu,3564fc0f-2974-48b7-9f60-d5f90612536b
https://www.foody.vn/thai-binh/pho-nuong-bbq-nuong-lau-khong-khoi,Thái Bình,Ở đâu,b162b601-44fe-4627-8679-c7fb96418f58
https://www.foody.vn/thai-binh/dingtea-thai-binh,Thái Bình,Ở đâu,e1068883-2730-4644-a946-c1396c427270
https://www.foody.vn/thai-binh/lau-nuong-linh-beo,Thái Bình,Ở đâu,8f40f873-a42a-422e-8648-1691f065ac2c
https://www.foody.vn/thai-binh/huy-vu-quan-com-tam-ga-rang,Thái Bình,Ở đâu,4214c502-141c-4f63-a091-763b0b6345bc
https://www.foody.vn/thai-binh/minh-trang-dac-san-dong-que,Thái Bình,Ở đâu,6c8da8e0-6240-4869-a158-7e44c1bf1e08
https://www.foody.vn/thai-binh/oc-hai-phong-tran-quang-khai,Thái Bình,Ở đâu,5eed4137-9842-4e21-a64f-9be31a4c4c7f
https://www.foody.vn/thai-binh/nha-hang-binh-minh-bien,Thái Bình,Ở đâu,577aa8cd-7f0d-4857-a49f-949a60119240
https://www.foody.vn/thai-binh/van-hoa-dac-san-bun-ca-ro,Thái Bình,Ở đâu,e74e9e50-0fa8-4acf-b490-8a9b2bc64124
https://www.foody.vn/thai-binh/lau-long-quan-lau-cac-loai,Thái Bình,Ở đâu,7c1e910a-2b4c-4b46-af25-dce015832d9b
https://www.foody.vn/thai-binh/tra-sua-bumba,Thái Bình,Ở đâu,8a733e0c-5ac3-4e1d-a96f-3b159de56731
https://www.foody.vn/thai-binh/xing-cha,Thái Bình,Ở đâu,ea6e59b7-56cd-4811-8253-466d80b54a5e
https://www.foody.vn/thai-binh/tung-tung,Thái Bình,Ở đâu,bc23a929-7347-4191-a626-9c33196492eb
https://www.foody.vn/thai-binh/com-tam-sai-gon,Thái Bình,Ở đâu,568f3fed-230c-4812-8863-04561b7a3ac7
https://www.foody.vn/thai-binh/yen-anh-kho-ga-tui-loc,Thái Bình,Ở đâu,c85b90cc-fea9-4a49-a7fc-1499a19a44dd
https://www.foody.vn/thai-binh/kem-chuoi-banh-bot-loc,Thái Bình,Ở đâu,7c367288-4c12-4114-8350-3349bedca70e
https://www.foody.vn/thai-binh/f5-chicken-fastfood-tea,Thái Bình,Ở đâu,d34cb9fc-8ab7-4352-a8a3-610f68b85fba
https://www.foody.vn/thai-binh/bong-coffee-house,Thái Bình,Ở đâu,d60c1766-8638-46e8-83ba-9472f1a599db
https://www.foody.vn/thai-binh/banh-cay-keo-lac-anh-tam,Thái Bình,Ở đâu,f53f1144-9079-49a0-b522-d3eaf16058ff
https://www.foody.vn/thai-binh/lau-hoang-de-le-quy-don,Thái Bình,Ở đâu,b770a0e4-54f3-4876-84c4-b57da34926f5
https://www.foody.vn/thai-binh/van-anh-bakery-bo-xuyen,Thái Bình,Ở đâu,4ba70a01-fa7b-4b68-b0e0-5ec468b44cb8
https://www.foody.vn/thai-binh/banh-mi-17,Thái Bình,Ở đâu,2cf16d86-79c9-4ba1-8af9-4e79c9f59078
https://www.foody.vn/thai-binh/vua-be-hai-san-lau,Thái Bình,Ở đâu,3a29dafb-271e-42a4-9179-2e4ff9b3f7b2
https://www.foody.vn/thai-binh/bun-ca-le-thanh-tong,Thái Bình,Ở đâu,c3cf32dc-5ac2-435d-a140-9299ee6b3136
https://www.foody.vn/thai-binh/tio-buffet-trai-cay-kem-tu-chon,Thái Bình,Ở đâu,64528578-965e-478b-987d-2f31d14d558d
https://www.foody.vn/thai-binh/huong-sen-bia-tuoi-dai-viet,Thái Bình,Ở đâu,5600f89b-c98d-4894-ba46-548f2651d3ad
https://www.foody.vn/thai-binh/do-uong-mang-em-di,Thái Bình,Ở đâu,966a869a-b16b-432b-9c92-98182c02e67d
https://www.foody.vn/thai-binh/bun-ca-cho-bo,Thái Bình,Ở đâu,454c5b34-9d4d-4a83-9f86-d33c6b45c97e
https://www.foody.vn/thai-binh/couple-cats-banh-mi-kep,Thái Bình,Ở đâu,ed20bb53-2a59-470d-9273-9d1ea5948480
https://www.foody.vn/thai-binh/the-gioi-am-thuc-seoulfoods,Thái Bình,Ở đâu,95242ecb-ffc1-4f92-889e-b42fcf2e0b52
https://www.foody.vn/thai-binh/mango-story-quan-kem,Thái Bình,Ở đâu,c438ea91-f8ec-4391-81d0-95e47f8acedc
https://www.foody.vn/thai-binh/khanh-beo-bun-canh-ca-ro-dong,Thái Bình,Ở đâu,0089b687-4444-4240-b62a-593262626d9a
https://www.foody.vn/thai-binh/lau-nuong-khong-khoi-nguyen-thai-hoc,Thái Bình,Ở đâu,e9abac2c-c892-404f-ba90-283d702568e0
https://www.foody.vn/thai-binh/bun-pho-cho-quang-trung,Thái Bình,Ở đâu,245f7ae1-4b63-43b4-bf95-1071ed3b6a9b
https://www.foody.vn/thai-binh/kaffeine-cafe,Thái Bình,Ở đâu,c1d06dec-d28e-4bbf-95e6-2892b255e352
https://www.foody.vn/thai-binh/kem-chuoi-ly-thai-to,Thái Bình,Ở đâu,a2d5694d-5509-432e-8e02-cb0490382f46
https://www.foody.vn/thai-binh/che-sai-gon,Thái Bình,Ở đâu,ee1d01f5-1576-4a13-bbef-b970e9170f86
https://www.foody.vn/thai-binh/banh-cuon-hung-rau-tien-hai,Thái Bình,Ở đâu,f773e5cd-c55f-4c50-99f8-f1c9cdb26581
https://www.foody.vn/thai-binh/kem-ong-ky-dieu-le-quy-don,Thái Bình,Ở đâu,3dc5a661-eb61-45a2-8492-2d9f2f89f974
https://www.foody.vn/thai-binh/bun-ca-phan-boi-chau,Thái Bình,Ở đâu,57d7d5d1-6743-4ebf-9ebf-4d8884204b32
https://www.foody.vn/thai-binh/quoc-hong-com-pho,Thái Bình,Ở đâu,6c2a7a43-7a1b-44e3-86c5-fe984f9b0418
https://www.foody.vn/thai-binh/delorme-cafe,Thái Bình,Ở đâu,8057d9c1-d34c-4296-adb0-255a648a1d43
https://www.foody.vn/thai-binh/hot-vteen-buzz-coffee-fast-food,Thái Bình,Ở đâu,23c495b7-b805-4df1-99a7-68e644a1ca52
https://www.foody.vn/thai-binh/bun-ca-hong-van-hoang-van-thu,Thái Bình,Ở đâu,b62f57fb-7360-4063-b15f-53a96cf525be
https://www.foody.vn/thai-binh/pho-bo-thai-can,Thái Bình,Ở đâu,14fdca57-ed2e-4fd1-a08e-0e9b8245d352
https://www.foody.vn/thai-binh/bingo-coffee-tea,Thái Bình,Ở đâu,02929905-4be8-41bc-8543-9f96e4a5b45f
https://www.foody.vn/thai-binh/binh-kiem-chao-ga-canh-ca-bun-ca,Thái Bình,Ở đâu,9c9fd881-68e8-41d4-894b-0c0c4798f587
https://www.foody.vn/thai-binh/nha-hang-hai-dang,Thái Bình,Ở đâu,0d032a21-fc7d-4f52-aebd-62d31ec25943
https://www.foody.vn/thai-binh/do-linh-noi-sum-hop-gia-dinh,Thái Bình,Ở đâu,ac4618f6-ecf2-4011-9e04-cb98712913ca
https://www.foody.vn/thai-binh/thang-pho,Thái Bình,Ở đâu,d153bcac-10ac-40f2-ad2d-9f5387e184d1
https://www.foody.vn/thai-binh/yen-hung-canh-ca-bun-ca,Thái Bình,Ở đâu,bb66432d-e23f-4437-b6bc-d4e7441cf73f
https://www.foody.vn/thai-binh/bun-ca-thanh-beo,Thái Bình,Ở đâu,b2f29cb9-916f-428d-9d4a-8ba4b8305370
https://www.foody.vn/thai-binh/yen-ngoc-bun-canh-ca-ro,Thái Bình,Ở đâu,5d81c13d-abb6-4e6b-8ae2-b1cff2f66bd4
https://www.foody.vn/thai-binh/son-de-to-chuc-hoi-nghi-sinh-nhat,Thái Bình,Ở đâu,8d6fa22a-c8fa-457d-bf42-da8c8c479e04
https://www.foody.vn/thai-binh/thanh-hien-cafe-karaoke,Thái Bình,Ở đâu,aeaa503a-51e4-4f87-add2-632dfababc61
https://www.foody.vn/thai-binh/bun-ca-le-loi,Thái Bình,Ở đâu,9b4272b2-15be-4266-9a76-dcad2ccbafaa
